City_ID,City,Lat,Lng,Max Temp,Humidity,Cloudiness,Wind Speed,Country,Date
0,touros,-5.1989,-35.4608,24.18,81,3,4.01,BR,1698285675
1,punta arenas,-53.15,-70.9167,3.06,87,75,5.66,CL,1698285584
2,edinburgh of the seven seas,-37.0676,-12.3116,11.31,59,52,6.6,SH,1698285675
3,badger,64.8,-147.5333,-2.02,83,40,0.0,US,1698285675
4,longyearbyen,78.2186,15.6401,-5.09,80,0,2.06,SJ,1698285676
5,waitangi,-43.9535,-176.5597,12.87,91,95,9.34,NZ,1698285676
6,new norfolk,-42.7826,147.0587,12.62,52,73,4.54,AU,1698285676
7,puerto natales,-51.7236,-72.4875,2.35,98,100,1.99,CL,1698285677
8,west island,-12.1568,96.8225,26.99,78,75,7.2,CC,1698285677
9,hami,42.8,93.45,14.84,31,0,1.3,CN,1698285677
10,uturoa,-16.7333,-151.4333,26.58,76,96,2.44,PF,1698285678
11,ust-nera,64.5667,143.2,-17.28,96,76,1.16,RU,1698285678
12,east london,-33.0153,27.9116,17.03,81,100,6.79,ZA,1698285678
13,conception bay south,47.4999,-52.9981,9.69,93,100,4.13,CA,1698285679
14,grytviken,-54.2811,-36.5092,1.83,90,63,5.49,GS,1698285560
15,bethel,41.3712,-73.414,17.67,69,87,2.15,US,1698285679
16,tazacorte,28.629,-17.9293,22.54,88,75,3.09,ES,1698285679
17,kapa'a,22.0752,-159.319,26.93,63,88,1.34,US,1698285680
18,tutoia,-2.7619,-42.2744,25.94,80,59,6.24,BR,1698285680
19,klyuchi,52.2667,79.1667,10.43,77,100,8.3,RU,1698285680
20,thompson,55.7435,-97.8558,-2.91,68,100,1.54,CA,1698285680
21,margaret river,-33.95,115.0667,17.49,71,100,4.58,AU,1698285681
22,issoire,45.55,3.25,17.59,85,100,4.1,FR,1698285681
23,kodiak,57.79,-152.4072,6.73,70,100,3.6,US,1698285551
24,salumbar,24.1333,74.05,21.82,42,0,1.49,IN,1698285682
25,betio village,1.358,172.9211,31.02,76,15,5.17,KI,1698285682
26,stanley,54.868,-1.6985,9.6,95,100,3.09,GB,1698285682
27,la ronge,55.1001,-105.2842,-4.86,86,100,3.6,CA,1698285683
28,adamstown,-25.066,-130.1015,22.73,83,81,5.9,PN,1698285683
29,udachny,66.4167,112.4,-12.64,93,95,3.05,RU,1698285683
30,kavaratti,10.5669,72.642,28.27,71,3,3.4,IN,1698285684
31,ribeira grande,38.5167,-28.7,17.65,71,100,2.68,PT,1698285684
32,berriane,32.8265,3.7669,18.45,48,0,3.76,DZ,1698285684
33,mahibadhoo,3.7833,72.9667,27.55,80,79,5.22,MV,1698285684
34,lebu,-37.6167,-73.65,10.57,88,0,8.54,CL,1698285685
35,nabire,-3.3667,135.4833,31.24,59,80,1.84,ID,1698285685
36,west salem,43.8991,-91.0813,15.93,95,100,0.45,US,1698285685
37,geraldton,-28.7667,114.6,22.23,56,7,5.66,AU,1698285685
38,port mathurin,-19.6833,63.4167,24.77,78,15,6.1,MU,1698285686
39,avarua,-21.2078,-159.775,22.03,60,75,3.6,CK,1698285511
40,posto fiscal rolim de moura,-13.0833,-62.2667,26.98,64,50,1.38,BR,1698285686
41,bilibino,68.0546,166.4372,-13.46,96,82,1.11,RU,1698285686
42,port-aux-francais,-49.35,70.2167,3.51,92,100,6.01,TF,1698285687
43,yellowknife,62.456,-114.3525,-0.88,100,75,4.12,CA,1698285441
44,howard springs,-12.497,131.047,34.93,43,7,1.44,AU,1698285687
45,san antonio de pale,-1.4014,5.6325,24.83,89,100,2.82,GQ,1698285687
46,albany,42.6001,-73.9662,16.97,72,100,1.92,US,1698285535
47,kuqa,41.7278,82.9364,12.31,35,5,0.88,CN,1698285688
48,mana,5.6592,-53.7767,26.73,83,100,5.39,GF,1698285688
49,yreka,41.7354,-122.6345,6.87,71,27,2.01,US,1698285599
50,ouadda,8.0777,22.4007,21.48,85,99,1.89,CF,1698285689
51,khandyga,62.6667,135.6,-8.55,77,100,1.18,RU,1698285689
52,college,64.8569,-147.8028,-1.97,81,40,0.0,US,1698285602
53,pangody,65.85,74.4859,-6.86,95,94,3.75,RU,1698285690
54,duba,27.3513,35.6901,29.27,40,0,2.46,SA,1698285690
55,ampara,7.2833,81.6667,25.8,83,18,0.93,LK,1698285690
56,olonkinbyen,70.9221,-8.7187,0.34,78,100,3.53,SJ,1698285691
57,la'ie,21.6477,-157.9253,29.66,72,36,0.45,US,1698285691
58,carutapera,-1.195,-46.02,25.52,79,81,3.82,BR,1698285691
59,ushuaia,-54.8,-68.3,1.81,93,100,13.38,AR,1698285511
60,luwuk,-0.9516,122.7875,31.08,42,100,2.55,ID,1698285692
61,robertsport,6.7533,-11.3686,26.53,83,97,2.62,LR,1698285692
62,blackmans bay,-43.0167,147.3167,11.96,61,91,1.79,AU,1698285692
63,fale old settlement,-9.3852,-171.2468,28.38,77,23,6.59,TK,1698285693
64,bryne,58.7354,5.6477,7.21,68,100,5.14,NO,1698285693
65,salinas,36.6777,-121.6555,17.45,81,0,4.12,US,1698285693
66,slave lake,55.2834,-114.769,-4.01,58,75,4.63,CA,1698285693
67,namibe,-15.1961,12.1522,18.38,85,78,2.57,AO,1698285694
68,gordonvale,-17.0936,145.7842,36.61,59,50,2.89,AU,1698285694
69,javea,38.7833,0.1667,22.4,61,80,1.34,ES,1698285694
70,feijo,-8.1642,-70.3536,25.93,75,49,0.96,BR,1698285695
71,ha'il,27.5219,41.6907,16.01,82,0,2.06,SA,1698285695
72,akureyri,65.6835,-18.0878,-6.04,93,0,0.0,IS,1698285511
73,floro,61.5996,5.0328,6.04,61,25,2.06,NO,1698285696
74,jayapura,-2.5333,140.7,32.66,63,100,0.62,ID,1698285696
75,dudinka,69.4058,86.1778,-8.51,96,99,1.34,RU,1698285696
76,bel ombre,-4.6167,55.4167,27.91,78,40,2.57,SC,1698285697
77,kailua-kona,19.6406,-155.9956,29.17,73,0,1.79,US,1698285628
78,placido de castro,-10.3353,-67.1856,27.86,56,80,1.1,BR,1698285697
79,neelankarai,12.9455,80.2575,27.24,89,20,1.03,IN,1698285697
80,tralee,52.2704,-9.7026,9.68,95,82,2.63,IE,1698285698
81,al artawiyah,26.5053,45.3444,19.27,65,9,5.81,SA,1698285698
82,lihue,21.9789,-159.3672,26.52,77,98,1.12,US,1698285698
83,tual,-5.6667,132.75,26.99,74,21,5.21,ID,1698285698
84,constantia,44.1833,28.65,16.5,76,100,4.77,RO,1698285698
85,port saint john's,-31.6229,29.5448,16.55,88,20,3.44,ZA,1698285699
86,rio grande,-32.035,-52.0986,14.41,78,100,4.71,BR,1698285696
87,luderitz,-26.6481,15.1594,15.79,83,2,3.13,NA,1698285699
88,mejit,10.2753,170.8646,28.12,77,75,4.7,MH,1698285699
89,gryazi,52.4966,39.9359,1.77,54,100,2.24,RU,1698285700
90,hassi messaoud,31.6804,6.0729,18.92,45,0,0.51,DZ,1698285700
91,newman,37.3138,-121.0208,17.94,62,96,3.58,US,1698285700
92,katsuura,35.1333,140.3,20.08,52,0,3.13,JP,1698285700
93,georgetown,5.4112,100.3354,29.97,85,20,1.03,MY,1698285701
94,galliano,29.4422,-90.2992,26.0,69,0,4.63,US,1698285701
95,banda aceh,5.5577,95.3222,27.97,74,92,3.5,ID,1698285701
96,kingscliff,-28.2667,153.5667,27.09,54,100,8.75,AU,1698285701
97,pirallahi,40.4723,50.333,18.08,79,23,6.2,AZ,1698285702
98,bargaal,11.2864,51.0773,26.28,83,86,2.98,SO,1698285702
99,coahuayana de hidalgo,18.7,-103.6583,25.21,89,100,0.19,MX,1698285702
100,kainantu,-6.2887,145.8655,22.04,73,85,1.66,PG,1698285702
101,vadso,70.0744,29.7487,-3.51,90,100,6.52,NO,1698285703
102,muan,34.9897,126.4714,18.94,82,20,1.54,KR,1698285703
103,cockburn town,21.4612,-71.1419,28.23,60,0,8.8,TC,1698285502
104,christchurch,-43.5333,172.6333,19.11,48,100,11.83,NZ,1698285545
105,sechura,-5.5569,-80.8222,21.87,74,16,5.97,PE,1698285704
106,nelson bay,-32.7167,152.15,15.05,93,100,5.81,AU,1698285704
107,bredasdorp,-34.5322,20.0403,13.33,84,100,1.55,ZA,1698285704
108,prince rupert,54.3161,-130.3201,8.83,48,0,4.12,CA,1698285697
109,pombas,17.1503,-25.0201,24.88,77,10,4.96,CV,1698285705
110,ola,59.5833,151.2833,-3.25,61,0,2.68,RU,1698285705
111,trinidad,-14.8333,-64.9,29.48,51,77,2.16,BO,1698285705
112,polyarnyy,69.1989,33.4478,-4.8,87,100,4.03,RU,1698285705
113,rongelap,11.1635,166.8941,28.02,74,42,5.8,MH,1698285705
114,hadibu,12.65,54.0333,26.25,82,88,4.17,YE,1698285706
115,awjilah,29.1081,21.2869,22.97,41,96,2.98,LY,1698285706
116,choyr,46.3611,108.3611,5.75,19,6,1.4,MN,1698285706
117,sitka,57.0531,-135.33,4.7,57,20,2.16,US,1698285706
118,atafu village,-8.5421,-172.5159,28.57,76,31,5.71,TK,1698285707
119,pisco,-13.7,-76.2167,20.03,83,100,1.54,PE,1698285707
120,petropavlovsk-kamchatsky,53.0452,158.6483,6.33,78,75,6.0,RU,1698285707
121,iskateley,67.6803,53.1512,-3.88,87,100,3.58,RU,1698285707
122,iqaluit,63.7506,-68.5145,-7.15,73,75,1.03,CA,1698285614
123,ilulissat,69.2167,-51.1,-1.99,46,75,1.54,GL,1698285708
124,coromandel,-18.4733,-47.2003,21.31,75,100,1.02,BR,1698285655
125,anadyr,64.75,177.4833,4.28,100,100,9.0,RU,1698285708
126,hermanus,-34.4187,19.2345,15.39,81,100,1.88,ZA,1698285708
127,thabazimbi,-24.5917,27.4116,19.56,69,0,2.24,ZA,1698285709
128,isafjordur,66.0755,-23.124,2.75,89,64,3.12,IS,1698285709
129,vorgashor,67.5833,63.95,-18.31,99,100,1.5,RU,1698285709
130,chaohu,31.6,117.8667,24.07,47,14,1.21,CN,1698285709
131,kiskunhalas,46.434,19.4848,14.23,61,94,4.57,HU,1698285709
132,puerto ayora,-0.7393,-90.3518,24.19,93,96,2.24,EC,1698285710
133,flying fish cove,-10.4217,105.6791,27.82,78,75,5.14,CX,1698285710
134,fort st. john,56.2499,-120.8529,-8.06,86,100,3.6,CA,1698285648
135,chonchi,-42.6128,-73.8092,9.56,97,20,1.45,CL,1698285702
136,sorso,40.8,8.5772,17.27,82,68,3.95,IT,1698285710
137,saint-paul,-21.0096,55.2707,24.06,86,4,1.34,RE,1698285711
138,afaahiti,-17.75,-149.2833,26.93,76,71,3.52,PF,1698285711
139,qaqortoq,60.7167,-46.0333,0.77,69,94,3.24,GL,1698285711
140,andovoranto,-18.95,49.1,23.89,92,96,2.87,MG,1698285712
141,minas de marcona,-15.2119,-75.1103,14.48,84,97,4.55,PE,1698285712
142,lensk,60.7253,114.9278,-1.39,71,93,3.2,RU,1698285712
143,hailey,43.5196,-114.3153,4.33,81,100,3.09,US,1698285712
144,ghat,24.9647,10.1728,25.62,20,93,1.95,LY,1698285713
145,hawaiian paradise park,19.5933,-154.9731,26.69,85,51,0.45,US,1698285713
146,tiksi,71.6872,128.8694,-10.33,92,100,1.86,RU,1698285713
147,aasiaat,68.7098,-52.8699,-11.43,83,100,3.53,GL,1698285713
148,nova sintra,14.8667,-24.7167,24.68,72,100,4.75,CV,1698285714
149,forster,-32.1667,152.5167,14.6,97,100,8.08,AU,1698285714
150,tongchuan,35.0806,109.0897,18.4,27,91,2.27,CN,1698285714
151,shubarshi,48.5872,57.1869,-1.72,72,13,4.36,KZ,1698285714
152,lebork,54.5392,17.7501,8.29,99,100,3.31,PL,1698285715
153,sungailiat,-1.85,106.1333,30.13,64,52,5.14,ID,1698285715
154,keflavik,64.0049,-22.5624,7.24,81,40,4.12,IS,1698285715
155,kirkuk,35.4681,44.3922,19.68,56,5,0.88,IQ,1698285715
156,northam,51.0333,-4.2167,12.92,95,84,7.07,GB,1698285715
157,mont-joli,48.5839,-68.1921,7.72,100,100,2.57,CA,1698285716
158,elliot lake,46.3834,-82.6331,12.06,95,100,1.62,CA,1698285438
159,cannonvale,-20.2833,148.7,25.66,58,5,3.91,AU,1698285716
160,guerrero negro,27.9769,-114.0611,18.95,75,0,7.26,MX,1698285552
161,port elizabeth,-33.918,25.5701,15.16,92,0,2.57,ZA,1698285716
162,remire-montjoly,4.9167,-52.2667,27.02,83,0,1.54,GF,1698285717
163,quang ngai,15.1167,108.8,28.05,79,61,1.46,VN,1698285713
164,bamboo flat,11.7,92.7167,25.05,100,40,0.51,IN,1698285717
165,taltal,-25.4,-70.4833,16.51,75,2,0.76,CL,1698285717
166,talnakh,69.4865,88.3972,-9.33,96,100,0.45,RU,1698285717
167,chui,-33.6971,-53.4616,10.6,92,2,2.9,UY,1698285718
168,mariental,-24.6333,17.9667,23.57,17,1,2.51,NA,1698285718
169,inverloch,-38.6333,145.7167,12.14,63,100,7.24,AU,1698285718
170,troy,42.6056,-83.1499,17.04,94,100,0.0,US,1698285604
171,cabo san lucas,22.8909,-109.9124,26.4,61,22,0.89,MX,1698285602
172,port alfred,-33.5906,26.891,15.1,91,100,0.89,ZA,1698285719
173,kalaleh,37.3807,55.4916,18.19,57,0,1.61,IR,1698285719
174,terrace,54.5163,-128.6035,2.95,38,20,8.75,CA,1698285719
175,aykhal,66.0,111.5,-12.49,98,100,3.39,RU,1698285719
176,kudahuvadhoo,2.6708,72.8944,27.91,76,76,5.41,MV,1698285720
177,carnarvon,-24.8667,113.6333,22.98,62,0,7.91,AU,1698285721
178,enewetak,11.3474,162.3373,28.79,77,75,4.98,MH,1698285721
179,fort mcmurray,56.7268,-111.381,-3.23,46,75,3.09,CA,1698285721
180,puerto baquerizo moreno,-0.9,-89.6,23.17,85,99,5.1,EC,1698285722
181,savannakhet,16.566,104.751,24.01,94,40,1.03,LA,1698285722
182,ponta delgada,37.7333,-25.6667,19.4,82,75,2.57,PT,1698285618
183,kibre mengist,5.8833,38.9833,14.11,96,89,0.71,ET,1698285722
184,turpan,42.9333,89.1667,17.54,33,0,0.86,CN,1698285723
185,utrik,11.2278,169.8474,27.58,73,91,4.01,MH,1698285723
186,sillod,20.3,75.65,21.54,44,6,0.2,IN,1698285724
187,as sulayyil,20.4607,45.5779,22.14,82,14,3.28,SA,1698285724
188,naze,28.3667,129.4833,24.51,54,81,3.98,JP,1698285724
189,cavelossim,15.1726,73.9419,24.67,61,45,2.65,IN,1698285724
190,jamestown,42.097,-79.2353,19.29,48,75,3.6,US,1698285649
191,kodinsk,58.6881,99.1844,0.24,98,100,2.79,RU,1698285552
192,muroto-misakicho,33.2833,134.15,20.29,61,0,1.16,JP,1698285725
193,bandon,51.7469,-8.7425,10.77,95,2,3.51,IE,1698285725
194,broome,42.2506,-75.833,15.11,82,96,0.45,US,1698285725
195,lubbock,33.6001,-101.8338,20.14,52,20,4.63,US,1698285468
196,st. john's,47.5649,-52.7093,9.66,91,100,5.14,CA,1698285600
197,youkounkoun,12.5333,-13.1333,24.55,85,58,2.0,GN,1698285726
198,port lincoln,-34.7333,135.8667,14.76,49,8,5.29,AU,1698285726
199,sisimiut,66.9395,-53.6735,-3.19,62,100,5.63,GL,1698285727
200,dwarka,22.2394,68.9678,26.78,73,0,1.57,IN,1698285727
201,amga,60.8953,131.9608,-3.8,89,100,1.8,RU,1698285727
202,jishu,44.3167,126.8,7.58,23,1,3.38,CN,1698285728
203,invercargill,-46.4,168.35,10.01,65,99,9.83,NZ,1698285725
204,madalena,41.2162,-8.3345,19.86,95,100,7.19,PT,1698285728
205,nar'yan-mar,67.6713,53.087,-3.83,87,100,3.58,RU,1698285729
206,kerema,-7.9631,145.7785,27.14,75,100,3.54,PG,1698285729
207,codrington,-38.2667,141.9667,12.87,60,100,6.99,AU,1698285729
208,belmonte,-15.8631,-38.8828,25.73,86,85,6.44,BR,1698285729
209,acapulco de juarez,16.8634,-99.8901,24.83,93,98,1.57,MX,1698285615
210,weno,7.4515,151.8468,27.97,94,100,5.14,FM,1698285730
211,portland,45.5234,-122.6762,8.33,93,100,1.54,US,1698285446
212,alice springs,-23.7,133.8833,20.75,16,0,10.29,AU,1698285478
213,urucui,-7.2294,-44.5561,25.44,67,1,0.66,BR,1698285730
214,ad dabbah,18.05,30.95,27.71,30,0,2.9,SD,1698285731
215,buta,2.7858,24.73,20.8,100,100,0.49,CD,1698285731
216,naracoorte,-36.9579,140.7383,17.06,37,42,6.86,AU,1698285731
217,vengerovo,55.6848,76.7471,8.17,81,100,8.71,RU,1698285732
218,nachingwea,-10.3833,38.7667,22.71,89,63,1.5,TZ,1698285732
219,paphos,34.7667,32.4167,19.88,52,94,2.06,CY,1698285732
220,thunder bay,48.4001,-89.3168,5.99,75,100,1.03,CA,1698285732
221,cronulla,-34.05,151.15,16.26,59,75,10.29,AU,1698285625
222,hilo,19.7297,-155.09,26.81,88,40,0.45,US,1698285714
223,ciudad lazaro cardenas,17.9583,-102.2,26.19,85,100,0.67,MX,1698285536
224,tangalle,6.024,80.7911,23.09,84,89,2.34,LK,1698285734
225,kerikeri,-35.2268,173.9474,22.32,53,6,5.54,NZ,1698285734
226,papatowai,-46.5619,169.4708,8.21,85,100,5.97,NZ,1698285734
227,corinto,37.9407,22.9573,21.76,58,100,1.13,GR,1698285513
228,saint-benoit,-21.038,55.7194,24.06,83,22,4.17,RE,1698285735
229,gumdag,39.2061,54.5906,16.88,78,55,3.67,TM,1698285735
230,yaren,-0.5472,166.916,29.15,71,6,3.53,NR,1698285735
231,mubi,10.2676,13.2644,22.37,32,100,0.97,NG,1698285735
232,bambanglipuro,-7.95,110.2833,29.37,64,38,4.54,ID,1698285736
233,mlangali,-9.7833,34.5167,15.55,88,28,2.75,TZ,1698285736
234,taoudenni,22.6783,-3.9836,29.82,23,77,4.61,ML,1698285736
235,saint-philippe,-21.3585,55.7679,23.77,79,4,3.37,RE,1698285737
236,piti village,13.4626,144.6933,31.28,76,100,2.47,GU,1698285737
237,dobryanka,58.4619,56.4165,-3.4,79,99,4.65,RU,1698285737
238,fernley,39.608,-119.2518,9.67,65,59,0.89,US,1698285737
239,fukuchiyama,35.3,135.1167,15.92,49,0,1.01,JP,1698285738
240,rutana,-3.8667,30.1,14.28,82,88,1.06,BI,1698285738
241,hamilton,39.1834,-84.5333,20.55,75,95,2.68,US,1698285698
242,dunedin,-45.8742,170.5036,11.56,80,100,2.24,NZ,1698285643
243,aljezur,37.3191,-8.8033,19.25,97,69,3.23,PT,1698285739
244,nazret,8.55,39.2667,18.1,72,87,1.76,ET,1698285739
245,whitehorse,60.7161,-135.0538,-0.57,64,75,4.12,CA,1698285739
246,bonny,4.4522,7.1681,25.16,88,100,2.55,NG,1698285740
247,palmer,42.1584,-72.3287,17.5,68,100,3.6,US,1698285597
248,mili,6.0815,171.735,28.89,74,28,3.9,MH,1698285740
249,tura,25.5198,90.2201,22.0,87,0,0.21,IN,1698285740
250,saipan,15.1355,145.701,28.53,79,32,4.41,MP,1698285741
251,hovd,48.0056,91.6419,5.88,25,95,2.37,MN,1698285741
252,zolotonosha,49.6689,32.0377,12.01,97,99,3.51,UA,1698285741
253,pacific grove,36.6177,-121.9166,17.23,82,95,4.02,US,1698285741
254,bubaque,11.2833,-15.8333,28.52,77,100,5.8,GW,1698285742
255,kone,-21.0595,164.8658,24.62,79,99,2.21,NC,1698285742
256,cidreira,-30.1811,-50.2056,15.53,81,40,3.98,BR,1698285742
257,canarana,-11.6847,-41.7689,27.53,40,100,0.02,BR,1698285742
258,ad darb,17.7229,42.2526,30.25,59,90,2.16,SA,1698285743
259,ugoofaaru,5.6667,73.0,28.14,74,46,3.29,MV,1698285743
260,mount isa,-20.7333,139.5,27.87,13,0,7.2,AU,1698285651
261,kalmunai,7.4167,81.8167,26.46,80,19,1.0,LK,1698285744
262,nuku'alofa,-21.1333,-175.2,24.19,64,75,7.72,TO,1698285745
263,kuta,-8.7233,115.1723,28.97,88,20,3.6,ID,1698285745
264,kandyagash,49.4744,57.4233,-3.07,74,7,4.93,KZ,1698285745
265,sevastopol,44.6,33.5333,18.89,55,100,1.79,UA,1698285745
266,san,13.3034,-4.8956,28.31,14,100,3.26,ML,1698285665
267,santa maria,-29.6842,-53.8069,14.61,94,0,1.03,BR,1698285700
268,umarkot,25.3616,69.7362,25.69,57,0,2.69,PK,1698285746
269,rabaul,-4.1967,152.1721,27.08,77,100,1.35,PG,1698285746
270,san patricio,28.017,-97.5169,27.92,80,39,6.53,US,1698285746
271,acarau,-2.8856,-40.12,25.37,79,2,6.13,BR,1698285747
272,kristiansund,63.1115,7.732,5.36,65,47,2.57,NO,1698285747
273,kununurra,-15.7667,128.7333,33.99,21,56,5.66,AU,1698285748
274,kupang,-10.1667,123.5833,31.32,66,20,4.12,ID,1698285676
275,wailua homesteads,22.0669,-159.378,26.18,77,90,1.34,US,1698285749
276,lata,40.1629,-8.3327,19.49,93,100,4.28,PT,1698285749
277,steyerberg,52.5667,9.0333,11.21,95,100,4.48,DE,1698285749
278,ulladulla,-35.35,150.4667,18.76,42,3,6.86,AU,1698285750
279,dili,-8.5586,125.5736,29.66,54,4,2.89,TL,1698285750
280,'ain benian,36.8028,2.9219,18.03,67,44,4.89,DZ,1698285750
281,meadow lakes,61.6247,-149.6011,2.93,67,0,0.0,US,1698285750
282,la passe,45.5549,-0.8967,17.13,86,100,7.16,FR,1698285751
283,ocean city,39.2776,-74.5746,18.32,79,95,2.68,US,1698285613
284,sansanne-mango,10.3592,0.4708,25.26,66,91,1.94,TG,1698285751
285,trairi,-3.2778,-39.2689,24.79,82,3,3.73,BR,1698285549
286,nova vicosa,-17.8919,-39.3719,25.74,85,100,4.13,BR,1698285752
287,matoury,4.8483,-52.3317,26.98,83,0,1.54,GF,1698285752
288,kapuskasing,49.4169,-82.4331,2.05,100,100,1.03,CA,1698285714
289,oban,56.4127,-5.4706,9.65,82,100,4.14,GB,1698285693
290,basciftlik,40.5469,37.1692,12.75,50,100,3.06,TR,1698285752
291,daru,-9.0763,143.2092,28.61,60,91,3.67,PG,1698285753
292,hasaki,35.7333,140.8333,20.22,53,0,5.57,JP,1698285753
293,guelmim,28.987,-10.0574,16.43,85,0,1.14,MA,1698285753
294,aioun,16.6614,-9.6149,30.45,14,2,3.79,MR,1698285753
295,morondava,-20.2833,44.2833,26.53,70,99,1.16,MG,1698285754
296,kayenta,36.7278,-110.2546,14.57,28,0,4.61,US,1698285754
297,margate,51.3813,1.3862,14.39,90,93,1.79,GB,1698285754
298,katsuren-haebaru,26.3369,127.8719,26.43,63,75,4.63,JP,1698285754
299,shimokizukuri,40.8061,140.3861,19.5,69,0,1.74,JP,1698285755
300,zhanaozen,43.3,52.8,7.9,74,100,3.48,KZ,1698285755
301,atkarsk,51.8718,45.0078,-3.01,68,100,2.68,RU,1698285755
302,zemio,5.0314,25.1361,21.5,96,100,0.22,CF,1698285755
303,cardenas,23.0375,-81.2047,25.12,71,44,5.82,CU,1698285463
304,huedin,46.8667,23.05,7.23,77,100,1.99,RO,1698285756
305,zhangwan,26.7114,119.5919,21.55,91,100,1.35,CN,1698285756
306,slatina,44.4333,24.3667,16.37,91,63,2.17,RO,1698285756
307,susuman,62.7833,148.1667,-17.95,92,74,1.04,RU,1698285756
308,adrar,20.5022,-10.0711,27.34,28,97,5.16,MR,1698285757
309,runaway bay,18.4596,-77.3357,28.45,74,32,7.33,JM,1698285618
310,narasannapeta,18.4167,84.05,25.47,78,10,2.11,IN,1698285757
311,tsiombe,-25.3,45.4833,20.28,82,36,1.41,MG,1698285757
312,yol,32.1667,76.2,17.86,40,4,2.55,IN,1698285758
313,noumea,-22.2763,166.4572,27.99,81,96,4.01,NC,1698285207
314,hithadhoo,-0.6,73.0833,27.54,78,43,6.73,MV,1698285758
315,caqueza,4.4057,-73.9468,18.81,97,66,1.05,CO,1698285758
316,santa isabel,-23.3156,-46.2214,20.84,93,100,1.03,BR,1698285737
317,yulinshi,38.2906,109.7494,13.17,30,0,3.35,CN,1698285759
318,grande prairie,55.1667,-118.8027,-5.9,63,100,1.54,CA,1698285626
319,happy valley-goose bay,53.3168,-60.3315,4.17,75,100,2.06,CA,1698285608
320,axim,4.8699,-2.2405,25.03,88,73,0.91,GH,1698285760
321,rio gallegos,-51.6226,-69.2181,5.03,70,40,7.2,AR,1698285760
322,egilsstadir,65.2653,-14.3948,0.95,93,100,0.51,IS,1698285760
323,sogod,10.3847,124.9814,28.93,67,100,0.4,PH,1698285761
324,usogorsk,63.4106,48.6872,-1.3,64,100,2.76,RU,1698285761
325,pa daet,19.5049,99.9924,26.67,86,63,0.52,TH,1698285761
326,yuzhno-kurilsk,44.0306,145.8556,12.99,87,19,3.73,RU,1698285761
327,zabol,32.25,67.25,10.06,29,2,1.83,AF,1698285762
328,zuunmod,47.7069,106.9528,-2.43,26,16,1.2,MN,1698285762
329,ostersund,63.1792,14.6357,-0.75,80,100,4.12,SE,1698285762
330,guasdualito,7.2424,-70.7324,24.98,100,20,0.0,VE,1698285762
331,mangai,-4.05,19.5333,21.35,98,99,0.7,CD,1698285763
332,chibougamau,49.9168,-74.3659,5.79,100,100,2.57,CA,1698285763
333,gogrial,8.5332,28.1004,24.72,77,99,1.14,SS,1698285763
334,haiku-pauwela,20.9219,-156.3051,26.81,70,27,2.85,US,1698285764
335,tarhuna,32.435,13.6332,19.82,95,3,3.83,LY,1698285764
336,labrador city,52.9463,-66.9114,2.95,100,100,1.54,CA,1698285764
337,zouerate,22.7187,-12.4521,24.27,33,0,3.76,MR,1698285765
338,aiud,46.3,23.7167,12.56,76,100,0.12,RO,1698285765
339,huarmey,-10.0681,-78.1522,19.49,88,87,3.27,PE,1698285765
340,mawlaik,23.6333,94.4167,24.26,84,64,0.12,MM,1698285765
341,ts'khinvali,42.2276,43.9686,12.35,70,100,1.29,GE,1698285766
342,nemuro,43.3236,145.575,13.53,81,7,3.83,JP,1698285766
343,amos,48.5669,-78.1162,6.08,95,100,0.64,CA,1698285766
344,gebeit,21.0667,36.3167,23.58,49,0,2.77,SD,1698285766
345,salalah,17.0151,54.0924,25.9,79,18,1.39,OM,1698285767
346,yeosu,34.7546,127.6599,19.9,61,100,3.14,KR,1698285767
347,kingaroy,-26.5333,151.8333,31.79,16,6,4.95,AU,1698285515
348,imbituba,-28.24,-48.6703,16.52,85,64,1.75,BR,1698285677
349,psachna,38.5833,23.6333,24.31,68,100,2.61,GR,1698285767
350,valchedram,43.6964,23.4447,16.56,83,88,2.02,BG,1698285768
351,priozersk,61.0393,30.1291,-0.51,85,33,2.82,RU,1698285768
352,kingston,17.997,-76.7936,25.53,91,40,2.57,JM,1698285582
353,manacapuru,-3.2997,-60.6206,27.84,65,7,1.78,BR,1698285768
354,bikenibeu village,1.3673,173.1241,30.98,70,75,2.57,KI,1698285769
355,itoman,26.1247,127.6694,26.01,61,75,4.63,JP,1698285769
356,port isabel,26.0734,-97.2086,28.37,82,46,1.79,US,1698285769
357,ribeira brava,32.65,-17.0667,22.62,79,60,1.54,PT,1698285769
358,vila velha,-20.3297,-40.2925,22.97,94,75,2.06,BR,1698285496
359,sao felix do xingu,-6.6447,-51.995,23.07,87,93,0.74,BR,1698285770
360,quellon,-43.1167,-73.6167,7.32,92,13,2.31,CL,1698285770
361,ongole,15.5,80.05,24.64,56,29,3.54,IN,1698285770
362,isangel,-19.55,169.2667,25.06,83,75,7.72,VU,1698285770
363,jiwani,25.05,61.7417,26.74,73,86,2.76,PK,1698285771
364,tanumah,27.1,44.1333,19.54,61,0,3.1,SA,1698285771
365,parabel',58.6978,81.4825,1.06,99,100,1.79,RU,1698285771
366,fort abbas,29.1925,72.8536,25.51,36,0,2.13,PK,1698285772
367,cill airne,52.05,-9.5167,8.78,95,38,2.23,IE,1698285772
368,maraba,-5.3686,-49.1178,26.1,89,0,0.0,BR,1698285772
369,el granada,37.5027,-122.4694,17.12,84,75,4.12,US,1698285772
370,minot,48.2325,-101.2963,-2.88,93,100,5.14,US,1698285772
371,kalianget,-7.05,113.9333,29.64,62,66,2.48,ID,1698285773
372,kabalo,-6.05,26.9167,21.76,91,100,0.96,CD,1698285773
373,laojunmiao,39.8333,97.7333,10.52,20,0,1.2,CN,1698285773
374,inongo,-1.95,18.2667,21.55,98,100,1.73,CD,1698285774
375,vila franca do campo,37.7167,-25.4333,19.23,89,100,5.97,PT,1698285774
376,beavercreek,39.7092,-84.0633,19.75,74,100,2.57,US,1698285772
377,gracemere,-23.4333,150.45,36.37,23,0,2.29,AU,1698285774
378,an nuhud,12.7,28.4333,27.56,30,64,2.42,SD,1698285774
379,karasu,41.071,30.7854,21.02,40,100,3.26,TR,1698285775
380,sarpsborg,59.2839,11.1096,2.85,83,100,3.98,NO,1698285775
381,laguna,38.421,-121.4238,16.53,81,75,1.54,US,1698285775
382,san pedro pochutla,15.7333,-96.4667,24.88,87,100,1.35,MX,1698285776
383,faya-largeau,17.9257,19.1043,24.37,21,0,7.47,TD,1698285776
384,igrim,63.1906,64.4162,-5.07,87,100,4.79,RU,1698285776
385,parnu,58.3859,24.4971,-0.95,80,75,5.14,EE,1698285776
386,vilyuysk,63.7553,121.6247,-8.33,91,98,2.24,RU,1698285777
387,fort bragg,35.139,-79.006,17.11,91,0,0.0,US,1698285777
388,malango,-2.9627,119.9001,29.22,34,44,2.0,ID,1698285777
389,kangding,30.0513,101.9603,8.21,98,100,2.09,CN,1698285777
390,mount gambier,-37.8333,140.7667,12.81,54,93,4.65,AU,1698285778
391,weligama,5.9667,80.4167,25.31,83,61,1.99,LK,1698285778
392,i-n-salah,27.1935,2.4607,27.15,27,2,4.51,DZ,1698285778
393,miandrivazo,-19.5167,45.4667,25.09,83,1,0.57,MG,1698285778
394,norrtalje,59.758,18.705,4.45,67,100,4.35,SE,1698285780
395,kongsberg,59.6652,9.6465,2.04,93,100,2.24,NO,1698285780
396,taro,-8.3862,115.28,25.0,41,3,1.9,ID,1698285780
397,taretan,19.3333,-101.9167,18.76,92,80,1.53,MX,1698285780
398,bairnsdale,-37.8333,147.6167,15.59,54,80,2.24,AU,1698285735
399,sandnessjoen,66.0217,12.6316,1.29,76,97,3.98,NO,1698285781
400,mermoz boabab,14.7065,-17.4758,27.31,80,100,5.78,SN,1698285781
401,novodvinsk,64.4165,40.8122,0.99,83,81,1.86,RU,1698285781
402,veraval,20.9,70.3667,26.68,48,42,4.27,IN,1698285782
403,okha,53.5739,142.9478,6.12,73,69,8.82,RU,1698285782
404,el calafate,-50.3408,-72.2768,5.1,94,100,4.37,AR,1698285782
405,pontes e lacerda,-15.2261,-59.3353,24.69,79,92,0.89,BR,1698285782
406,prince george,53.9166,-122.753,-0.31,52,100,2.06,CA,1698285783
407,raduzhnyy,62.0961,77.475,-4.22,83,100,4.48,RU,1698285783
408,soio,-6.1349,12.3689,24.92,88,82,3.74,AO,1698285783
409,cuito,-12.3833,16.9333,15.83,89,82,2.17,AO,1698285784
410,balfour,-26.6633,28.5902,12.19,85,3,1.87,ZA,1698285784
411,saint-pierre,-21.3393,55.4781,23.82,78,75,4.12,RE,1698285784
412,san mateo del mar,16.2,-95.0,28.31,79,100,3.3,MX,1698285784
413,mogadishu,2.0371,45.3438,26.67,81,98,5.64,SO,1698285785
414,gadzhiyevo,69.2551,33.3362,-5.33,89,100,3.97,RU,1698285785
415,manokwari,-0.8667,134.0833,28.97,71,13,3.38,ID,1698285785
416,madang,-5.2246,145.7966,26.53,86,100,1.41,PG,1698285786
417,usinsk,65.9939,57.5281,-9.96,95,100,4.47,RU,1698285786
418,rasht,37.2808,49.5832,16.52,88,9,1.49,IR,1698285786
419,ormara,25.2088,64.6357,26.6,72,51,5.56,PK,1698285786
420,markovo,57.3206,107.0881,1.28,94,100,3.51,RU,1698285787
421,chernyshevskiy,63.0128,112.4714,-5.47,93,100,2.05,RU,1698285787
422,gerash,27.6652,54.1371,18.08,66,23,1.17,IR,1698285787
423,port douglas,-16.4833,145.4667,26.5,60,85,2.84,AU,1698285787
424,salinopolis,-0.6136,-47.3561,26.43,77,34,5.89,BR,1698285788
425,neryungri,56.6709,124.6491,-6.83,84,58,3.92,RU,1698285788
426,caluula,11.9661,50.7569,27.58,76,32,6.95,SO,1698285788
427,puerto gaitan,4.3133,-72.0816,25.95,75,80,1.16,CO,1698285788
428,kattivakkam,13.2167,80.3167,27.26,83,31,2.82,IN,1698285789
429,obihiro,42.9172,143.2044,8.67,100,100,1.03,JP,1698285515
430,holualoa,19.6228,-155.9522,27.1,73,0,1.79,US,1698285789
431,vokhtoga,58.8147,41.0461,-1.5,76,100,1.05,RU,1698285790
432,wewak,-3.5534,143.6268,28.85,72,80,1.82,PG,1698285790
433,laminusa,5.5549,120.9136,28.8,69,99,1.08,PH,1698285790
434,tamanrasset,22.785,5.5228,18.95,20,0,2.57,DZ,1698285638
435,luganville,-15.5333,167.1667,28.6,76,100,4.51,VU,1698285791
436,mankoeng,-23.9,29.8167,13.01,89,25,1.85,ZA,1698285791
437,marka,1.7159,44.7717,26.11,85,85,4.71,SO,1698285791
438,victoria falls,-17.9235,25.843,24.78,39,16,2.0,ZW,1698285792
439,saudarkrokur,65.7461,-19.6394,0.87,79,50,1.65,IS,1698285792
440,ozalp,38.6548,43.993,7.82,73,100,2.08,TR,1698285792
441,brookings,44.3114,-96.7984,11.21,98,100,7.2,US,1698285792
442,dalianwan,39.0286,121.695,15.02,21,0,6.0,CN,1698285793
443,general acha,-37.377,-64.6043,15.8,48,2,4.41,AR,1698285793
444,lorengau,-2.0226,147.2712,25.84,86,100,3.0,PG,1698285793
445,paradip garh,20.3167,86.6167,25.55,80,5,2.71,IN,1698285793
446,mau,25.95,83.55,23.17,66,0,1.8,IN,1698285794
447,sal rei,16.1833,-22.9167,27.27,74,100,5.98,CV,1698285794
448,sur,22.5667,59.5289,25.96,63,75,4.25,OM,1698285794
449,kafir qala,34.6667,61.0667,18.11,36,97,5.69,AF,1698285795
450,wellington,-41.2866,174.7756,15.81,96,100,14.92,NZ,1698285510
451,marsala,37.7966,12.4352,21.67,78,95,8.67,IT,1698285795
452,ta`u,-14.2336,-169.5144,26.4,74,96,8.48,AS,1698285796
453,farmington,36.7281,-108.2187,16.38,62,0,2.06,US,1698285745
454,isla mujeres,21.2311,-86.731,26.76,75,99,5.98,MX,1698285796
455,port blair,11.6667,92.75,25.02,100,40,0.51,IN,1698285796
456,plainview,40.7765,-73.4673,19.47,84,0,2.57,US,1698285796
457,singtam,27.2333,88.5,21.56,57,0,1.15,IN,1698285797
458,antofagasta,-23.65,-70.4,16.6,78,96,3.04,CL,1698285617
459,evergreen,39.6333,-105.3172,11.48,66,1,0.45,US,1698285733
460,labuan,5.2767,115.2417,26.2,94,20,0.0,MY,1698285798
461,al ghayzah,16.2079,52.176,25.52,78,38,2.6,YE,1698285798
462,gorontalo,0.5412,123.0595,32.57,40,41,2.38,ID,1698285799
463,antsiranana,-12.2787,49.2917,23.61,88,81,4.41,MG,1698285799
464,kamina,-8.7386,24.9906,18.2,94,91,1.07,CD,1698285799
465,conde,-7.2597,-34.9075,24.7,83,20,1.54,BR,1698285799
466,kolokani,13.5728,-8.0339,26.55,14,26,2.61,ML,1698285800
467,bereket,39.2446,55.5154,16.81,78,40,2.98,TM,1698285800
468,warrnambool,-38.3833,142.4833,12.28,63,100,7.15,AU,1698285800
469,emerald,-23.5333,148.1667,33.52,34,2,1.08,AU,1698285801
470,mo i rana,66.3128,14.1428,-0.63,95,97,0.95,NO,1698285801
471,langxiang,46.95,128.8833,4.81,36,8,4.9,CN,1698285801
472,praia da vitoria,38.7333,-27.0667,18.14,72,75,8.69,PT,1698285801
473,pangoa,-12.1167,-73.0,22.3,85,58,1.74,PE,1698285802
474,balqash,46.8481,74.995,9.33,87,40,4.0,KZ,1698285802
475,yokadouma,3.5167,15.05,20.23,99,100,0.93,CM,1698285802
476,pyapon,16.2833,95.6833,27.25,80,64,2.01,MM,1698285803
477,hinton,53.4001,-117.5857,-7.64,90,100,0.86,CA,1698285636
478,las tablas,7.7667,-80.2833,25.57,86,100,0.32,PA,1698285803
479,tazovsky,67.4667,78.7,-10.47,95,92,1.75,RU,1698285803
480,kiunga,-6.1219,141.2906,31.96,46,89,0.51,PG,1698285804
481,binji,13.2228,4.9096,26.14,14,78,3.06,NG,1698285804
482,sinjai,-5.1241,120.253,32.0,42,58,3.83,ID,1698285804
483,caransebes,45.4167,22.2167,14.44,66,68,2.4,RO,1698285805
484,konarka,19.9,86.1167,25.22,79,6,2.69,IN,1698285805
485,suva,-18.1416,178.4415,27.71,65,40,6.69,FJ,1698285805
486,dezhou,37.4486,116.2925,20.25,36,0,6.83,CN,1698285806
487,maragogi,-9.0122,-35.2225,23.92,83,4,4.56,BR,1698285806
488,khovd,48.0056,91.6419,5.88,25,95,2.37,MN,1698285806
489,poronaysk,49.2167,143.1167,8.14,89,100,3.02,RU,1698285807
490,solleftea,63.1667,17.2667,-1.08,89,100,1.18,SE,1698285807
491,grand-lahou,5.1367,-5.0242,25.07,92,98,2.72,CI,1698285807
492,kinango,-4.1372,39.3153,22.73,95,45,0.77,KE,1698285807
493,aripuana,-9.1667,-60.6333,27.68,57,94,0.99,BR,1698285808
494,luxor,25.6989,32.6421,24.03,38,0,0.0,EG,1698285604
495,alofi,-19.0595,-169.9187,24.94,65,75,8.75,NU,1698285808
496,san luis de la loma,17.2706,-100.8939,25.93,86,97,1.39,MX,1698285808
497,vavoua,7.3819,-6.4778,21.66,97,24,0.74,CI,1698285809
498,plettenberg bay,-34.0527,23.3716,15.28,75,100,1.47,ZA,1698285809
499,ariquemes,-9.9133,-63.0408,26.51,67,43,0.17,BR,1698285698
500,nouadhibou,20.931,-17.0347,23.99,64,0,9.26,MR,1698285810
501,san clemente,33.427,-117.612,19.14,85,81,1.79,US,1698285629
502,chatham,51.3789,0.5279,11.71,77,98,0.45,GB,1698285810
503,alexandria,31.2156,29.9553,19.3,77,20,3.63,EG,1698285784
504,las khorey,11.1595,48.1967,28.62,76,84,3.39,SO,1698285811
505,dondo,-19.6094,34.7431,24.19,82,100,4.75,MZ,1698285695
506,kourou,5.1552,-52.6478,27.03,78,67,4.99,GF,1698285607
507,road town,18.4167,-64.6167,28.02,78,40,3.09,VG,1698285812
508,port-vila,-17.7338,168.3219,29.78,70,75,4.63,VU,1698285713
509,raja,8.4596,25.678,24.13,77,100,1.32,SS,1698285812
510,san cristobal,7.7669,-72.225,22.1,94,94,0.57,VE,1698285813
511,sarkand,45.41,79.9186,12.98,24,91,2.91,KZ,1698285813
512,yeed,4.55,43.0333,25.57,74,99,4.67,SO,1698285813
513,opuwo,-18.0607,13.84,19.7,38,3,2.21,NA,1698285813
514,saldanha,-33.0117,17.9442,14.03,91,100,5.37,ZA,1698285814
515,linda,39.1277,-121.5508,14.98,82,100,4.12,US,1698285814
516,kruisfontein,-34.0033,24.7314,13.88,82,100,2.04,ZA,1698285814
517,al hufuf,25.3646,49.5653,25.19,65,0,5.14,SA,1698285814
518,carolina beach,34.0352,-77.8936,17.82,92,8,3.12,US,1698285815
519,sadri,25.1833,73.4333,23.24,35,0,1.98,IN,1698285815
520,zambezi,-13.5432,23.1047,19.4,71,16,2.49,ZM,1698285816
521,homer,59.6425,-151.5483,6.13,56,0,0.0,US,1698285575
522,bonthe,7.5264,-12.505,25.7,87,99,1.67,SL,1698285816
523,sa pa,22.3402,103.8441,19.11,78,38,0.85,VN,1698285816
524,pontianak,-0.0333,109.3333,26.99,88,20,1.54,ID,1698285816
525,eagle river,45.9172,-89.2443,9.91,96,100,1.54,US,1698285745
526,larkird,35.4894,66.6641,14.11,35,90,1.63,AF,1698285817
527,tera,14.0078,0.7531,28.55,11,62,3.71,NE,1698285817
528,lompoc,34.6391,-120.4579,15.01,82,75,6.71,US,1698285818
529,angaur state,6.906,134.13,28.85,76,11,6.19,PW,1698285818
530,ramnagar,29.4,79.1167,18.72,58,0,1.97,IN,1698285818
531,calama,-22.4667,-68.9333,17.27,10,0,7.2,CL,1698285617
532,azangaro,-14.9167,-70.2167,9.06,69,96,2.32,PE,1698285819
533,ornskoldsvik,63.2909,18.7153,-0.47,93,100,1.54,SE,1698285819
534,sajir,25.1825,44.5996,20.75,59,1,5.52,SA,1698285819
535,cuenca,-2.8833,-78.9833,15.07,82,75,4.12,EC,1698285819
536,vilyuchinsk,52.9306,158.4028,7.15,65,29,10.78,RU,1698285820
537,sinabang,2.4803,96.3801,27.16,78,99,1.68,ID,1698285820
538,lazaro cardenas,17.9583,-102.2,26.19,85,100,0.67,MX,1698285820
539,boguchany,58.3814,97.4531,1.03,96,100,4.47,RU,1698285820
540,juneau,58.3019,-134.4197,5.68,100,40,5.88,US,1698285616
541,chela,34.069,104.4619,10.25,62,96,0.5,CN,1698285821
542,son la,21.3167,103.9,24.19,74,30,1.26,VN,1698285821
543,mirny,62.5353,113.9611,-7.09,92,100,4.02,RU,1698285821
544,callao,-12.0667,-77.15,19.84,77,100,5.66,PE,1698285821
545,vernon,50.2581,-119.2691,4.2,49,11,0.51,CA,1698285694
546,gazipasa,36.2694,32.3179,18.05,63,0,2.57,TR,1698285822
547,majene,-3.5403,118.9707,29.57,60,4,3.42,ID,1698285822
548,kirensk,57.7853,108.1119,-0.58,89,100,5.36,RU,1698285822
549,bloomsburg,41.0037,-76.4549,16.63,89,51,0.83,US,1698285822
550,bulungu,-4.55,18.6,21.2,96,98,0.62,CD,1698285823
